{
    "scores": {
        "files/sunshine/predicted_tabs_full.txt": 0.5454545454545454,
        "files/sunshine/chatgpt.txt": 0.36363636363636365
    }
}