{
    "scores": {
        "files/cantstop/predicted_tabs_full.txt": 0.5961538461538461,
        "files/cantstop/chatgpt.txt": 0.15384615384615385
    }
}